product_id,course_id,course_name,session_no,session_title_draft,learning_summary_draft,learning_objective_draft,course_overview_draft,source_rows,ai_confidence,review_comment,status,updated_at
PRODUCT-SAMPLE,KDC-SAMPLE-001,지금 당장 나만의 서비스 런칭! 13가지 초!고퀄리티 웹 서비스로 Cursor AI 마스터,1,Cursor AI 입문 및 개발 전 문서 작성 기초,"본 차시는 Cursor AI의 개념과 필요성을 이해하고, 설치 및 기본 사용법을 익히는 데 중점을 둔다. 또한 웹 개발 전 준비 단계로 Node.js 설치 방법을 확인하고, PRD, Requirements 문서, Rules for AI 등 AI 기반 개발 과정에서 필요한 기획 및 요구사항 문서 작성 방식을 학습한다.","Cursor AI의 기본 사용 환경을 구축하고, AI 기반 웹 개발을 시작하기 전 필요한 문서 작성 체계와 개발 준비 절차를 설명할 수 있다.","한 줄 요약: Cursor AI와 웹 개발 도구를 활용하여 서비스 기획 문서 작성부터 웹 서비스 제작 및 배포 흐름까지 학습하는 실습 중심 과정
과정 목적: 본 과정은 Cursor AI의 기본 개념과 사용 환경을 이해하고, PRD 및 요구사항 문서 작성 방법을 익힌 뒤, Firebase와 v0 등 웹 개발 도구를 활용하여 실제 서비스 제작 흐름을 경험하도록 구성되어 있다.
학습 흐름: 초반에는 Cursor AI의 개념, 설치, 기본 사용법과 개발 전 문서 작성 방식을 학습한다. 이후 투두리스트와 랜딩페이지 제작 프로젝트를 통해 기획 문서 작성, 프로젝트 세팅, UI 구성, 데이터베이스 연결, 호스팅 등 서비스 구현에 필요한 절차를 단계적으로 익힌다.
기대 성과: 학습자는 AI 기반 개발 환경을 활용하여 서비스 기획 문서를 작성하고, 간단한 웹 서비스 또는 랜딩페이지 제작 흐름을 이해하며, Firebase 등 외부 도구와 연동하는 기초 역량을 확보할 수 있다.",1 | 2 | 3 | 4 | 5 | 6 | 7 | 8 | 9 | 10 | 11,SAMPLE,,REVIEW_PENDING,2026-06-05 10:50:10
PRODUCT-SAMPLE,KDC-SAMPLE-001,지금 당장 나만의 서비스 런칭! 13가지 초!고퀄리티 웹 서비스로 Cursor AI 마스터,2,Firebase 기반 투두리스트 웹사이트 제작 프로젝트,"본 차시는 투두리스트 웹사이트 제작 프로젝트를 중심으로 Firebase의 역할을 이해하고, 프로젝트 세팅, 웹사이트 구현, Firebase 데이터베이스 설정 및 연결 과정을 학습한다. 학습자는 서비스 제작 전 기획 문서와 요구사항을 바탕으로 프로젝트를 구성하고, 데이터 저장 기능이 포함된 기초 웹 서비스를 구현하는 흐름을 경험한다.","Firebase를 활용한 투두리스트 웹사이트 제작 절차를 이해하고, 프로젝트 세팅부터 데이터베이스 연결까지의 기본 구현 흐름을 설명할 수 있다.","한 줄 요약: Cursor AI와 웹 개발 도구를 활용하여 서비스 기획 문서 작성부터 웹 서비스 제작 및 배포 흐름까지 학습하는 실습 중심 과정
과정 목적: 본 과정은 Cursor AI의 기본 개념과 사용 환경을 이해하고, PRD 및 요구사항 문서 작성 방법을 익힌 뒤, Firebase와 v0 등 웹 개발 도구를 활용하여 실제 서비스 제작 흐름을 경험하도록 구성되어 있다.
학습 흐름: 초반에는 Cursor AI의 개념, 설치, 기본 사용법과 개발 전 문서 작성 방식을 학습한다. 이후 투두리스트와 랜딩페이지 제작 프로젝트를 통해 기획 문서 작성, 프로젝트 세팅, UI 구성, 데이터베이스 연결, 호스팅 등 서비스 구현에 필요한 절차를 단계적으로 익힌다.
기대 성과: 학습자는 AI 기반 개발 환경을 활용하여 서비스 기획 문서를 작성하고, 간단한 웹 서비스 또는 랜딩페이지 제작 흐름을 이해하며, Firebase 등 외부 도구와 연동하는 기초 역량을 확보할 수 있다.",12 | 13 | 14 | 15,SAMPLE,,REVIEW_PENDING,2026-06-05 10:50:10
PRODUCT-SAMPLE,KDC-SAMPLE-001,지금 당장 나만의 서비스 런칭! 13가지 초!고퀄리티 웹 서비스로 Cursor AI 마스터,3,v0와 Cursor를 활용한 랜딩페이지 제작,"본 차시는 랜딩페이지의 개념과 v0의 역할을 이해한 뒤, v0와 Cursor를 활용하여 랜딩페이지의 기초 디자인을 구성하고 개선하는 방법을 학습한다. 이후 tally 폼을 추가하여 고객 정보를 수집하고, Firebase를 활용한 호스팅 절차를 확인함으로써 랜딩페이지 제작부터 배포까지의 기본 흐름을 익힌다.","v0와 Cursor를 활용하여 랜딩페이지를 설계 및 개선하고, 폼 연동과 호스팅을 포함한 기초 배포 흐름을 설명할 수 있다.","한 줄 요약: Cursor AI와 웹 개발 도구를 활용하여 서비스 기획 문서 작성부터 웹 서비스 제작 및 배포 흐름까지 학습하는 실습 중심 과정
과정 목적: 본 과정은 Cursor AI의 기본 개념과 사용 환경을 이해하고, PRD 및 요구사항 문서 작성 방법을 익힌 뒤, Firebase와 v0 등 웹 개발 도구를 활용하여 실제 서비스 제작 흐름을 경험하도록 구성되어 있다.
학습 흐름: 초반에는 Cursor AI의 개념, 설치, 기본 사용법과 개발 전 문서 작성 방식을 학습한다. 이후 투두리스트와 랜딩페이지 제작 프로젝트를 통해 기획 문서 작성, 프로젝트 세팅, UI 구성, 데이터베이스 연결, 호스팅 등 서비스 구현에 필요한 절차를 단계적으로 익힌다.
기대 성과: 학습자는 AI 기반 개발 환경을 활용하여 서비스 기획 문서를 작성하고, 간단한 웹 서비스 또는 랜딩페이지 제작 흐름을 이해하며, Firebase 등 외부 도구와 연동하는 기초 역량을 확보할 수 있다.",16 | 17 | 18 | 19 | 20 | 21,SAMPLE,,REVIEW_PENDING,2026-06-05 10:50:10
