product_id,course_id,course_name,session_no,part_id,part_name,chapter_id,chapter_name,clip_id,clip_name,clip_duration,lecture_type,bo_memo,status
PRODUCT-SAMPLE,KDC-SAMPLE-001,지금 당장 나만의 서비스 런칭! 13가지 초!고퀄리티 웹 서비스로 Cursor AI 마스터,1,873995,Part 1. 입문,873996,Ch 1. Cursor AI를 시작하기 위한 준비,6550166,00. 오리엔테이션,0:02:57,필수강의,CR 기반으로 운영계획서 초안을 검토하고 싶음. 프로젝트성 차시는 별도 후보로 표시 필요.,PENDING
PRODUCT-SAMPLE,KDC-SAMPLE-001,지금 당장 나만의 서비스 런칭! 13가지 초!고퀄리티 웹 서비스로 Cursor AI 마스터,1,873995,Part 1. 입문,873996,Ch 1. Cursor AI를 시작하기 위한 준비,6550162,01. Cursor란,0:00:48,필수강의,,PENDING
PRODUCT-SAMPLE,KDC-SAMPLE-001,지금 당장 나만의 서비스 런칭! 13가지 초!고퀄리티 웹 서비스로 Cursor AI 마스터,1,873995,Part 1. 입문,873996,Ch 1. Cursor AI를 시작하기 위한 준비,6550163,02. Cursor를 사용해야 하는 이유,0:02:51,필수강의,,PENDING
PRODUCT-SAMPLE,KDC-SAMPLE-001,지금 당장 나만의 서비스 런칭! 13가지 초!고퀄리티 웹 서비스로 Cursor AI 마스터,1,873995,Part 1. 입문,873996,Ch 1. Cursor AI를 시작하기 위한 준비,6550164,03. Cursor 설치 및 기본 환경 설정,0:06:39,필수강의,,PENDING
PRODUCT-SAMPLE,KDC-SAMPLE-001,지금 당장 나만의 서비스 런칭! 13가지 초!고퀄리티 웹 서비스로 Cursor AI 마스터,1,873995,Part 1. 입문,873996,Ch 1. Cursor AI를 시작하기 위한 준비,6550165,04. 커서의 기본적인 사용법,0:15:10,필수강의,,PENDING
PRODUCT-SAMPLE,KDC-SAMPLE-001,지금 당장 나만의 서비스 런칭! 13가지 초!고퀄리티 웹 서비스로 Cursor AI 마스터,1,873997,Part 1. 입문,873997,Ch 2. 개발전 준비 - 웹,6550167,01. Node.js 설치,0:01:49,필수강의,,PENDING
PRODUCT-SAMPLE,KDC-SAMPLE-001,지금 당장 나만의 서비스 런칭! 13가지 초!고퀄리티 웹 서비스로 Cursor AI 마스터,1,873998,Part 1. 입문,873998,Ch 3. 개발전 기초 실습 - PRD,6550169,01. 효율적으로 PRD 작성하기,0:05:36,필수강의,,PENDING
PRODUCT-SAMPLE,KDC-SAMPLE-001,지금 당장 나만의 서비스 런칭! 13가지 초!고퀄리티 웹 서비스로 Cursor AI 마스터,1,873998,Part 1. 입문,873998,Ch 3. 개발전 기초 실습 - PRD,6550168,02. AI를 활용해 PRD 작성하기,0:11:57,필수강의,,PENDING
PRODUCT-SAMPLE,KDC-SAMPLE-001,지금 당장 나만의 서비스 런칭! 13가지 초!고퀄리티 웹 서비스로 Cursor AI 마스터,1,873999,Part 1. 입문,873999,Ch 4. 개발전 기초 실습 - Requirements 문서 활용,6550171,01. Requirements 문서에 대해 이해하기,0:01:59,필수강의,,PENDING
PRODUCT-SAMPLE,KDC-SAMPLE-001,지금 당장 나만의 서비스 런칭! 13가지 초!고퀄리티 웹 서비스로 Cursor AI 마스터,1,873999,Part 1. 입문,873999,Ch 4. 개발전 기초 실습 - Requirements 문서 활용,6550170,02. 효율적으로 문서 작성하기,0:09:22,필수강의,,PENDING
PRODUCT-SAMPLE,KDC-SAMPLE-001,지금 당장 나만의 서비스 런칭! 13가지 초!고퀄리티 웹 서비스로 Cursor AI 마스터,1,874000,Part 1. 입문,874000,Ch 5. 개발전 기초 실습 - Rules For AI,6550172,01. .cursorrules 이란,0:06:25,필수강의,,PENDING
PRODUCT-SAMPLE,KDC-SAMPLE-001,지금 당장 나만의 서비스 런칭! 13가지 초!고퀄리티 웹 서비스로 Cursor AI 마스터,2,876079,Part 2. 프로젝트 1 - 투두리스트,876080,Ch 1. 투두리스트 제작 + 파이어베이스,6855325,01. 투두리스트 제작 전 파이어베이스 알아보기,0:09:34,필수강의,,PENDING
PRODUCT-SAMPLE,KDC-SAMPLE-001,지금 당장 나만의 서비스 런칭! 13가지 초!고퀄리티 웹 서비스로 Cursor AI 마스터,2,876079,Part 2. 프로젝트 1 - 투두리스트,876080,Ch 1. 투두리스트 제작 + 파이어베이스,6855335,"02. 투두리스트 프로젝트 세팅하기 (PRD, Require)",0:21:08,필수강의,,PENDING
PRODUCT-SAMPLE,KDC-SAMPLE-001,지금 당장 나만의 서비스 런칭! 13가지 초!고퀄리티 웹 서비스로 Cursor AI 마스터,2,876079,Part 2. 프로젝트 1 - 투두리스트,876080,Ch 1. 투두리스트 제작 + 파이어베이스,6855338,03. 본격적으로 투두리스트 웹사이트 만들기,0:25:14,필수강의,,PENDING
PRODUCT-SAMPLE,KDC-SAMPLE-001,지금 당장 나만의 서비스 런칭! 13가지 초!고퀄리티 웹 서비스로 Cursor AI 마스터,2,876079,Part 2. 프로젝트 1 - 투두리스트,876080,Ch 1. 투두리스트 제작 + 파이어베이스,6855328,04. 파이어베이스 데이터 베이스 설정과 연결,0:09:07,필수강의,,PENDING
PRODUCT-SAMPLE,KDC-SAMPLE-001,지금 당장 나만의 서비스 런칭! 13가지 초!고퀄리티 웹 서비스로 Cursor AI 마스터,3,876081,Part 3. 프로젝트 2 - v0 + Cursor로 만드는 매력적인 랜딩페이지 제작,876082,Ch 1. 랜딩페이지 제작전 숙지 기초 지식,6855330,01. 랜딩페이지란,0:06:22,필수강의,,PENDING
PRODUCT-SAMPLE,KDC-SAMPLE-001,지금 당장 나만의 서비스 런칭! 13가지 초!고퀄리티 웹 서비스로 Cursor AI 마스터,3,876081,Part 3. 프로젝트 2 - v0 + Cursor로 만드는 매력적인 랜딩페이지 제작,876082,Ch 1. 랜딩페이지 제작전 숙지 기초 지식,6855327,02. v0란,0:04:01,필수강의,,PENDING
PRODUCT-SAMPLE,KDC-SAMPLE-001,지금 당장 나만의 서비스 런칭! 13가지 초!고퀄리티 웹 서비스로 Cursor AI 마스터,3,876081,Part 3. 프로젝트 2 - v0 + Cursor로 만드는 매력적인 랜딩페이지 제작,876083,Ch 2. 랜딩페이지 제작,6855334,01. v0를 이용한 랜딩페이지 기초 디자인,0:13:11,필수강의,,PENDING
PRODUCT-SAMPLE,KDC-SAMPLE-001,지금 당장 나만의 서비스 런칭! 13가지 초!고퀄리티 웹 서비스로 Cursor AI 마스터,3,876081,Part 3. 프로젝트 2 - v0 + Cursor로 만드는 매력적인 랜딩페이지 제작,876083,Ch 2. 랜딩페이지 제작,6855337,02. Cursor를 이용한 랜딩페이지 디자인 업그레이드,0:13:35,필수강의,,PENDING
PRODUCT-SAMPLE,KDC-SAMPLE-001,지금 당장 나만의 서비스 런칭! 13가지 초!고퀄리티 웹 서비스로 Cursor AI 마스터,3,876081,Part 3. 프로젝트 2 - v0 + Cursor로 만드는 매력적인 랜딩페이지 제작,876083,Ch 2. 랜딩페이지 제작,6855333,03. tally 폼을 추가하여 고객 정보 수집하기,0:10:52,필수강의,,PENDING
PRODUCT-SAMPLE,KDC-SAMPLE-001,지금 당장 나만의 서비스 런칭! 13가지 초!고퀄리티 웹 서비스로 Cursor AI 마스터,3,876081,Part 3. 프로젝트 2 - v0 + Cursor로 만드는 매력적인 랜딩페이지 제작,876083,Ch 2. 랜딩페이지 제작,6855324,04. 파이어베이스로 호스팅하기,0:06:42,필수강의,,PENDING
