product_id,course_id,session_no,total_clip_duration,target_learning_minutes,training_hours,time_reason_draft,reason_basis,needs_review,review_comment,status
PRODUCT-SAMPLE,KDC-SAMPLE-001,1,1:05:33,60,1.0,"총 학습 소요 시간: 60분
- 강의 영상 학습 및 복습: 60분
- 자기주도 정리 및 개발 환경 점검: 검토 필요
→ Cursor AI의 개념, 설치, 기본 사용법과 개발 전 문서 작성 방식을 학습하고, 학습자가 이후 프로젝트 차시에서 활용할 개발 준비 요소를 정리하는 시간으로 구성한다.
→ 본 차시는 실습 키워드가 포함되어 있으나 실제 실습 과제 편성 여부는 CR만으로 확정하기 어려우므로 BO 검토가 필요하다.",입력 CR 기준 총 영상 재생시간이 약 65분으로 목표 학습소요시간 60분을 초과한다. 훈련시간 기준 조정 또는 클립 구성 확인이 필요하다.,TRUE,,REVIEW_PENDING
PRODUCT-SAMPLE,KDC-SAMPLE-001,2,1:05:03,60,1.0,"총 학습 소요 시간: 60분
- 강의 영상 학습 및 복습: 60분
- 프로젝트 구현 흐름 정리: 검토 필요
→ Firebase 기반 투두리스트 제작 과정을 학습하고, 프로젝트 세팅, 웹사이트 구현, 데이터베이스 연결 절차를 실제 서비스 제작 흐름에 맞게 이해하는 시간으로 구성한다.
→ 프로젝트성 차시이므로 영상 시청 외 구현 및 산출물 제출 시간이 포함되는지 BO 검토가 필요하다.",입력 CR 기준 총 영상 재생시간이 약 65분으로 목표 학습소요시간 60분을 초과한다. 프로젝트성 활동이 포함되므로 훈련시간 산정 방식 확인이 필요하다.,TRUE,,REVIEW_PENDING
PRODUCT-SAMPLE,KDC-SAMPLE-001,3,0:54:43,60,1.0,"총 학습 소요 시간: 60분
- 강의 영상 학습 및 복습: 55분
- 자기주도 정리 및 제작 흐름 점검: 5분
→ 랜딩페이지의 개념, v0와 Cursor를 활용한 디자인 구성, 고객 정보 수집 폼 추가, Firebase 호스팅 절차를 학습하는 시간으로 구성한다.
→ 학습자는 시청 후 랜딩페이지 제작 단계와 각 도구의 역할을 정리하며 후속 프로젝트 수행에 필요한 기초 흐름을 내재화한다.","입력 CR 기준 총 영상 재생시간은 약 55분이며, 목표 학습소요시간 60분과의 차이는 복습 및 제작 흐름 정리 시간으로 산정할 수 있다.",TRUE,,REVIEW_PENDING
